epoch,accuracy,loss
0,0.1008,2.3030199829101563
1,0.1012,2.30258148765564
2,0.1031,2.302499273300171
3,0.099959284,2.29508067880358
